text,label,notes
"Evangelion's use of religious symbolism isn't just aesthetic — it reinforces Shinji's messianic burden. The cross-shaped explosions parallel his role as humanity's reluctant savior, while Lilith's presence in Terminal Dogma directly references the Dead Sea Scrolls' creation mythology.",analysis,
"If you compare the fight choreography in Mob Psycho 100 to One Punch Man, you can see how Bones adapted Murata's detailed panels into fluid sakuga sequences, while ONE's simpler art style in Mob gave animators more creative freedom to experiment with abstract motion.",analysis,
"Steins;Gate's first half isn't slow — it's deliberately building the foundation that makes the second half devastating. Every seemingly throwaway conversation establishes character relationships and timeline rules that pay off during the desperate time-leap sequence.",analysis,
"The reason Violet Evergarden works so well as episodic storytelling is that each client's letter serves as a mirror for Violet's own emotional growth. Episode 10 hits so hard precisely because we've watched her slowly learn to understand the feelings she's transcribing for others.",analysis,
"Chainsaw Man's anime adaptation made interesting directorial choices by using more realistic motion and muted color palettes compared to typical shonen. MAPPA was clearly going for a cinematic feel, but this clashed with Fujimoto's manic energy in the manga panels.",analysis,
"March Comes in Like a Lion uses its visual metaphors — the water imagery, the shogi pieces, the shifting art styles — to externalize Rei's depression in ways that dialogue alone couldn't. Shaft's direction turns internal monologue into visceral visual storytelling.",analysis,
"What makes Vinland Saga's Farmland arc work is the deliberate contrast with the Prologue. Thorfinn's journey from violence to pacifism mirrors Askeladd's philosophical challenge — can you build something without destroying? The farming literally represents this ideological shift.",analysis,
"Monster's pacing is often criticized, but Urasawa is doing something specific with it. Each seemingly unrelated side story builds the mythology around Johan by showing how his influence ripples through ordinary people's lives, creating dread through accumulation rather than direct confrontation.",analysis,
"The animation quality difference between Demon Slayer's TV episodes and the Mugen Train arc shows how Ufotable allocates resources. The TV series uses more static compositions with selective sakuga moments, while the film maintains consistently higher frame counts throughout action sequences.",analysis,
"Spy x Family succeeds because it works on two levels simultaneously. On the surface it's a comedy about a fake family, but underneath it's exploring how performed relationships can become genuine — Yor's maternal instincts developing through pretense is the most interesting thread.",analysis,
"Cowboy Bebop's episodic structure mirrors Spike's psychology — he lives session to session, avoiding his past. The few two-part episodes (Jupiter Jazz, the finale) are moments where his past forces itself into the present, breaking the episodic pattern just as it breaks Spike's avoidance.",analysis,
"The reason the Chimera Ant arc in HxH works despite its length is that Togashi uses it to deconstruct the shonen power fantasy. Gon's transformation isn't triumphant — it's horrifying, and the narrator's constant presence forces the audience to observe rather than participate in the violence.",analysis,
"Mushishi's direction deserves more attention. Each episode uses ambient sound design and slow camera movements to create a meditative pace that matches Ginko's wandering lifestyle. The lack of background music in key scenes forces the audience to sit with the atmosphere.",analysis,
"Comparing Jujutsu Kaisen's power system to Hunter x Hunter's Nen reveals how JJK prioritizes spectacle over strategic depth. Nen battles are chess matches with clear rules and counters, while Cursed Energy is more flexible but less consistent in establishing limitations.",analysis,
"Frieren's handling of time is its most distinctive feature. By showing decades pass in single episodes, the series forces viewers to confront mortality from an immortal's perspective. The scene where Frieren realizes she spent more time with Himmel than she thought recontextualizes every flashback.",analysis,
"Made in Abyss uses its cute art style as a deliberate contrast to its horror elements. Tsukushi's character designs create a false sense of safety that makes the Abyss's dangers more disturbing — the gap between aesthetic and content IS the horror.",analysis,
"Bocchi the Rock's anxiety sequences work because they don't just exaggerate for comedy — they accurately depict how social anxiety distorts perception. The shift to stop-motion and live-action in episode 8 mirrors how Bocchi's reality fragments under pressure.",analysis,
"86 Eighty-Six's split-screen direction in the first cour creates a visual thesis about the story's central conflict. Lena's sterile white Republic interiors and the 86's warm battlefield campfires aren't just settings — they're arguments about who gets to be comfortable while others die.",analysis,
"Odd Taxi's mystery structure works because it hides character reveals in plain sight through dialogue. Rewatching reveals that Odokawa's unreliable narration is established in the first scene — his animal perception of people is itself a clue about his psychological state.",analysis,
"The shift in animation style between Naruto's Pain arc (episode 167) and standard episodes wasn't a drop in quality — it was Shingo Yamashita's intentional choice to use loose, expressive animation to convey the chaotic intensity of the fight, drawing from Kanada school techniques.",analysis,
"Neon Genesis Evangelion and RahXephon both feature reluctant teenage pilots, but their approaches to the mecha genre are fundamentally different. Eva deconstructs the genre by making piloting traumatic, while RahXephon reconstructs it by using the mecha as a metaphor for artistic creation and connection.",analysis,
"Clannad After Story works because it earns its emotional payoffs through 40+ episodes of investment. The Illusionary World sequences seem disconnected until the finale reveals they're Tomoya's subconscious processing grief. Without the slow first season establishing normalcy, the losses wouldn't hit as hard.",analysis,
"Psycho-Pass's first season uses its dystopian setting to explore Foucault's concept of the panopticon — the Sibyl System doesn't just punish crime, it prevents people from thinking criminal thoughts. Akane's arc is about finding agency within a system designed to eliminate it.",analysis,
"The way Ping Pong the Animation uses its art style to reflect character psychology is remarkable. Peco's scenes are drawn with loose, energetic lines that match his natural talent, while Smile's are more rigid and geometric, reflecting his suppressed emotions.",analysis,
"Fullmetal Alchemist Brotherhood's success lies in how it uses equivalent exchange as both a magic system and a thematic framework. Every character's journey involves sacrifice proportional to gain — Ed's limbs for Al's soul, Mustang's vision for flame alchemy, Hohenheim's immortality for isolation.",analysis,
"Tatami Galaxy's rapid-fire narration isn't just stylistic — it mirrors the protagonist's overthinking. The visual density of information on screen creates the same overwhelming feeling of possibility paralysis that drives the plot. Yuasa weaponizes sensory overload to make a point about indecision.",analysis,
"Death Note's quality decline after episode 25 actually proves its own thesis about the corrupting nature of power. Light without a worthy opponent becomes exactly what he always was underneath — petty and cruel. The less interesting second half IS the point.",analysis,
"A Silent Voice's visual storytelling with the X marks over faces is more sophisticated than it first appears. The Xs don't just show Shoya's social isolation — they represent his self-imposed punishment. When they fall away, it's not that people change, it's that Shoya allows himself to see them.",analysis,
"Your Name succeeded globally because Shinkai used body-swap comedy as a Trojan horse for a disaster film. The tonal shift works because the first half establishes genuine emotional investment through humor, so when the stakes escalate, audiences are already committed to the characters.",analysis,
"Ranking of Kings subverts expectations by making its weakest character the protagonist in a world that values strength. But the real subversion is that Bojji doesn't overcome his disability through willpower — he develops a fighting style that uses his small size as an advantage, redefining strength itself.",analysis,
"Mob Psycho 100's Season 2 finale works because it redefines what growth means. Most shonen measure growth by power levels, but Mob's growth is emotional — his refusal to fight Toichiro and choosing empathy over overwhelming force is framed as his ultimate strength.",analysis,
"The direction in Sonny Boy deserves analysis. Shingo Natsume strips away conventional anime aesthetics — limited backgrounds, minimal music, deliberately awkward pacing — to create a disorienting experience that mirrors the students' confusion. The style IS the narrative.",analysis,
"Land of the Lustrous uses CGI better than most anime because Studio Orange treats it as its own medium rather than trying to mimic 2D. The gem characters' reflective surfaces and shattering animations are things traditional animation couldn't achieve as effectively.",analysis,
"Paranoia Agent connects its seemingly unrelated characters through the theme of societal pressure creating shared delusion. Lil' Slugger isn't a real attacker — he's a collective psychological defense mechanism that allows people to avoid responsibility for their own breakdowns.",analysis,
"Comparing the three major isekai — Re:Zero, Konosuba, and Overlord — shows how the same premise can serve completely different genres. Re:Zero is psychological horror, Konosuba is genre parody, and Overlord is a power fantasy. The isekai framework is genre-neutral.",analysis,
"Serial Experiments Lain predicted social media's impact on identity 15 years before it happened. The Wired isn't just the internet — it's a space where identity becomes fluid and consensus reality breaks down. Lain's multiple selves across the Wired prefigure online persona fragmentation.",analysis,
"One Piece's world-building succeeds because Oda plants seeds hundreds of chapters before their payoff. The Skypiea arc, often criticized as filler, establishes concepts about poneglyphs and ancient weapons that become central 500 chapters later. The long game rewards patience.",analysis,
"Vinland Saga's adaptation by WIT Studio makes specific choices that distinguish it from the manga. The anime adds more visual parallels between Thorfinn and Askeladd, using matching shot compositions to foreshadow that Thorfinn is becoming the very thing he hates.",analysis,
"Jojo's Bizarre Adventure Part 4 works as a slice-of-life mystery because it grounds its Stand battles in a specific town with specific residents. Morioh feels lived-in, and the final villain being a neighbor subverts the shonen expectation of escalating to world-threatening stakes.",analysis,
"The use of rotoscoping in Aku no Hana creates an uncanny valley effect that perfectly matches the story's themes of suburban suffocation and hidden deviance. The realistic movement makes the characters' transgressive behavior more disturbing because it looks real rather than animated.",analysis,
"Ghost in the Shell's opening sequence — Motoko's construction — establishes the film's central question before a word of dialogue. The juxtaposition of mechanical assembly with organic-looking skin asks whether consciousness arises from the body or exists independently of it.",analysis,
"Dorohedoro's world-building works because it treats its bizarre setting as mundane. Characters eat gyoza in a world of magic-users and cross-heads without commenting on the absurdity. This normalization makes the violence and body horror feel like natural consequences rather than shock tactics.",analysis,
"The reason Madoka Magica's twist in episode 3 works is structural. The first two episodes are deliberately conventional magical girl fare — pastel colors, cute mascot, transformation sequences. Shaft builds expectations specifically to shatter them. The shock requires the setup to be genuinely generic.",analysis,
"Samurai Champloo's anachronistic hip-hop soundtrack isn't just style — it connects Edo-period outcasts to modern counterculture. Mugen's breakdancing fighting style and the graffiti-influenced title cards draw a historical line between marginalized communities across centuries.",analysis,
"Nichijou's comedy works through escalation and contrast. An ordinary school scenario is animated with the intensity of a mecha battle, and the gap between mundane content and explosive execution creates humor. KyoAni's production values on a comedy is itself a joke about disproportionate effort.",analysis,
"Berserk's Golden Age arc is structured as a Greek tragedy — Griffith's dream is presented sympathetically enough that the Eclipse feels like an inevitable consequence of ambition rather than a sudden villain turn. The reader is complicit in wanting Griffith to succeed, making the betrayal personal.",analysis,
"What distinguishes Shouwa Genroku Rakugo from other period dramas is how it uses performance as character development. Each rakugo performance reflects the performer's emotional state — Yakumo's increasingly rigid style mirrors his emotional withdrawal after Sukeroku's death.",analysis,
"Devilman Crybaby's ending recontextualizes the entire series as an allegory for cycles of persecution. Akira's failure to save humanity isn't a plot twist — it's the thesis. Go Nagai's original manga made this point in the 70s, but Yuasa amplifies it with modern animation techniques.",analysis,
"Ergo Proxy's environmental storytelling in the domed cities establishes its themes before the philosophy lectures begin. The artificial sunlight, manufactured emotions, and AutoReiv companions in Romdeau show a civilization that has outsourced every aspect of authentic human experience.",analysis,
"Oshi no Ko's first episode works as a standalone film because it compresses an entire character arc into 90 minutes. Ai's journey from idol to mother and the tonal shift from bright idol comedy to psychological thriller establishes that the series will constantly subvert genre expectations.",analysis,
"The Garden of Words demonstrates how Shinkai uses weather as emotional language. Rain represents the space where Takao and Yukino can be vulnerable — every outdoor scene's precipitation level correlates directly with the characters' emotional openness in that moment.",analysis,
"Wonder Egg Priority's first 8 episodes use dream logic to explore trauma without exploitation. Each egg world represents a different form of harm — bullying, abuse, neglect — and the surreal environments allow the show to address heavy topics through metaphor rather than graphic depiction.",analysis,
"Tekkonkinkreet's visual contrast between Black and White extends to its architectural design. Black's Treasure Town is drawn with dense, claustrophobic detail, while White's perspective renders the same spaces with open skies and softer lines — the city looks different depending on who's perceiving it.",analysis,
"To Your Eternity's premise — an immortal entity learning humanity through loss — creates a narrative structure where every emotional connection is simultaneously growth and future grief. The audience knows each companion will die, and that dramatic irony transforms every happy moment into elegy.",analysis,
"Summertime Rendering uses its time-loop structure more rigorously than most entries in the genre. Each loop establishes clear rules, and Shinpei's strategic failures follow logical chains where the audience can trace exactly which variable changed and why the outcome shifted.",analysis,
"The training arc in Haikyuu isn't just about volleyball — Furudate uses each player's technical weakness as a metaphor for their psychological limitation. Hinata's inability to see the court mirrors his tunnel-vision personality, and his growth in game sense parallels his emotional maturity.",analysis,
"Paprika's parade sequence — the household objects marching through Tokyo — visualizes the concept of collective unconscious better than any live-action film could. The mundane objects gaining life represents repressed desires breaking through societal conformity, and the escalation mirrors a society losing its grip on shared reality.",analysis,
"What makes Gintama's serious arcs hit so hard is the 200+ episodes of comedy that precede them. The show trains you to see these characters as joke machines, then reveals the trauma underneath. The Shogun Assassination arc works BECAUSE you spent years laughing with these people.",analysis,
"Pluto takes Astro Boy's simplest story — a robot fighting other robots — and rebuilds it as a meditation on whether artificial beings can grieve. Urasawa reframes Atom's power not as physical strength but as emotional capacity, asking whether the ability to feel pain is what makes someone alive.",analysis,
"Kakegurei's visual direction uses gambling as a framework for class critique. The animal imagery during gambling sequences — snake eyes, prey instincts — reveals how the academy's hierarchy reduces students to predator-prey dynamics. The house always wins because the house makes the rules.",analysis,
"Keep Your Hands Off Eizouken works as both entertainment and education because it shows the creative process without romanticizing it. The gap between Asakusa's grand visions and the practical constraints of budget, time, and skill mirrors the actual production challenges of anime itself.",analysis,
"Trigun Stampede's CGI approach to Vash's character design — softer features, more expressive movement — reinterprets the original's cool gunslinger as someone visibly uncomfortable with violence. The design change IS a thematic statement about which version of Vash the creators wanted to emphasize.",analysis,
"Girls' Last Tour uses its post-apocalyptic setting not for survival drama but for philosophical exploration. Chito and Yuuri's conversations about meaning, religion, and memory in empty cities turn the end of the world into a space for contemplation rather than action.",analysis,
"Mob Psycho 100's Body Improvement Club is the most subversive element of the show. In any other anime, the muscular guys would be antagonists or comic relief. Instead, they're genuinely supportive friends who respect Mob's goals — the show rejects the premise that physical and emotional strength are opposed.",analysis,
"Code Geass succeeds as a mecha show because it treats the mechas as political tools rather than power fantasies. Lelouch doesn't pilot a Knightmare because he's strong — he uses them as chess pieces. The show is closer to a political thriller than a robot action series.",analysis,
"The way Mushi-shi handles its episodic format deserves recognition. Unlike most episodic anime where reset is a limitation, Ginko's transience IS the point. Each village he leaves represents a problem he can diagnose but never permanently fix, mirroring the limits of expertise without community.",analysis,
"Link Click's time-travel mechanic serves its emotional storytelling better than its mystery plot. The rule that Cheng Xiaoshi can't change the past transforms each dive into an exercise in empathy — he must fully experience someone's worst moments knowing he can't help, and that restraint is the show's real tension.",analysis,
"Demon Slayer is carried entirely by Ufotable's animation. Without the visuals it's a completely generic shonen with nothing original to offer.",hot_take,
"Cowboy Bebop is overrated. People only praise it because it was their gateway anime and nostalgia blinds them to its flaws.",hot_take,
"Jujutsu Kaisen is just Bleach with better animation. The power system is barely explained and the characters are stock shonen archetypes.",hot_take,
"Attack on Titan has the worst ending in anime history and nothing will ever change my mind about that.",hot_take,
"Sub is always better than dub. If you watch dubs you're not really watching anime.",hot_take,
"Dragon Ball Z is unwatchable by modern standards. The pacing is atrocious and Goku is the most boring protagonist in shonen history.",hot_take,
"Sword Art Online is unironically a good show and the hate it gets is just bandwagon negativity.",hot_take,
"Studio Ghibli peaked with Spirited Away and everything after has been a slow decline.",hot_take,
"My Hero Academia is the most mid anime of the last decade. It does nothing new and does nothing well.",hot_take,
"One Piece is too long and no anime is worth 1000+ episodes. I don't care how good people say it gets.",hot_take,
"Makoto Shinkai is a better filmmaker than Hayao Miyazaki and it's not even close.",hot_take,
"CGI anime will never be as good as 2D animation. Every CGI show looks like a video game cutscene.",hot_take,
"Naruto would be the greatest anime ever made if you removed all the filler. The core story is better than anything in shonen.",hot_take,
"Slice of life is the most boring genre in anime. Nothing happens and people pretend that's deep.",hot_take,
"Re:Zero is the only isekai that actually deserves critical praise. Every other isekai is wish fulfillment garbage.",hot_take,
"Death Note should have ended at episode 25. Everything after L dies is fan fiction quality writing.",hot_take,
"Anime peaked in the early 2000s. Modern anime is all generic isekai and seasonal trash.",hot_take,
"Fate/Stay Night has the most confusing watch order in anime and that alone makes the entire franchise not worth getting into.",hot_take,
"Tokyo Ghoul's anime adaptation is so bad it should be considered a crime against the manga.",hot_take,
"Ufotable is the only studio that matters right now. Every other studio's animation looks dated in comparison.",hot_take,
"Gintama is impossible to recommend because you have to watch 50 boring episodes before it gets good. That's not a feature it's a flaw.",hot_take,
"Hunter x Hunter is the most overrated anime of all time. The Chimera Ant arc is painfully slow and the narrator ruins every scene.",hot_take,
"Seasonal anime culture has ruined the medium. People forget shows three months after they air because they're already chasing the next thing.",hot_take,
"Bleach TYBW proves that Bleach was always the best of the Big Three. People just didn't appreciate it the first time around.",hot_take,
"If your favorite anime is from before 2010 you're just being a hipster. Animation and storytelling have objectively gotten better.",hot_take,
"Isekai is the worst thing to happen to anime. It's killed creativity and turned every season into the same power fantasy rehash.",hot_take,
"Frieren is mid and people only hype it because they're starved for fantasy anime that isn't isekai.",hot_take,
"Spy x Family is nothing but a meme delivery system disguised as an anime. Anya carries the entire show and without her it's forgettable.",hot_take,
"Vinland Saga season 2 was boring. Nobody wants to watch a farming anime when the first season had Viking battles.",hot_take,
"Every anime would be better if it was only 12 episodes. No show needs more than one cour to tell its story.",hot_take,
"The only reason people like Evangelion is because they want to seem intellectual. It's pretentious and barely coherent.",hot_take,
"Crunchyroll has single-handedly ruined anime distribution and the fansub era was better for the community.",hot_take,
"Romance anime peaked with Toradora and nothing since has come close.",hot_take,
"Power scaling discussions are the worst part of anime fandom. Who cares if Goku can beat Saitama.",hot_take,
"Chainsaw Man anime was a massive disappointment. The direction was way too subdued for the source material.",hot_take,
"MAPPA is running their animators into the ground and people reward them by calling every show a masterpiece.",hot_take,
"Fullmetal Alchemist Brotherhood is the most overrated anime on every ranking site. It's good but it's not the best anime ever made.",hot_take,
"If you need a watch order guide for a franchise then the franchise has already failed at storytelling.",hot_take,
"Manga will always be superior to anime adaptations. You lose too much in translation between mediums.",hot_take,
"The waifu wars discourse is the single most embarrassing thing about anime fandom and it actively drives people away from the medium.",hot_take,
"Shonen anime is for children and adults who watch it are just refusing to grow up.",hot_take,
"Black Clover is better than My Hero Academia and people only disagree because MHA came first and got more hype.",hot_take,
"Trigger peaked with Kill la Kill and everything since has been chasing that same energy with diminishing returns.",hot_take,
"Solo Leveling is proof that anime fans will consume anything as long as it has good animation and an overpowered MC.",hot_take,
"Mushoku Tensei is impossible to recommend because of the protagonist and no amount of character development excuses the early episodes.",hot_take,
"The Monogatari series is just pretentious dialogue over still frames and people praise it because they don't want to admit it's boring.",hot_take,
"Every sports anime is the same show with a different sport. Once you've seen Haikyuu you've seen them all.",hot_take,
"Ranking anime by MAL scores is pointless because the scoring system is fundamentally broken by recency bias and fanboy brigading.",hot_take,
"Dandadan is already anime of the year and nothing this season can compete.",hot_take,
"Light novel adaptations are always worse than manga adaptations because LN source material is inherently lower quality.",hot_take,
"KyoAni is the only studio that consistently treats its employees well and produces quality work. Everyone else should be ashamed.",hot_take,
"Anime movies are almost always better than anime series because the condensed runtime forces tighter storytelling.",hot_take,
"People who drop anime after 3 episodes have no patience and miss out on the best shows in the medium.",hot_take,
"Opening and ending songs matter more than people think. A bad OP can ruin my experience with an otherwise great show.",hot_take,
"The big three discourse needs to die. One Piece Naruto and Bleach are not the standard by which all shonen should be measured.",hot_take,
"Seinen anime is objectively better than shonen and it's not even a debate worth having.",hot_take,
"Modern anime has too many female characters designed purely for fan service and it's getting worse every season.",hot_take,
"Studio DEEN deserves more hate than they get. They've butchered more adaptations than any other studio.",hot_take,
"JUST FINISHED EPISODE 10 OF MADE IN ABYSS AND I AM NOT OKAY. I literally cannot stop crying right now.",reaction,
"SEASON 2 CONFIRMED LET'S GOOOOO!! I've been waiting three years for this announcement!",reaction,
"Bro I just watched the last episode of Assassination Classroom and I'm a complete wreck. Wasn't ready for those feelings at all.",reaction,
"THAT FIGHT SCENE WAS INSANE. My jaw is literally on the floor right now. Ufotable does not miss.",reaction,
"Just binged all of Odd Taxi in one sitting and I'm speechless. What did I just watch.",reaction,
"I can't believe they actually killed off my favorite character. I need to lie down. This show is going to destroy me.",reaction,
"THE OPENING FOR THE NEW SEASON JUST DROPPED AND IT SLAPS SO HARD. I've replayed it fifteen times already.",reaction,
"Just watched Your Name for the first time and I ugly cried for twenty minutes straight. That ending broke me.",reaction,
"NO WAY THEY ENDED THE EPISODE THERE. That cliffhanger is actual torture. How am I supposed to wait a whole week.",reaction,
"Started Bocchi the Rock expecting a cute comedy and now I'm having an existential crisis about my own social anxiety lmao.",reaction,
"Frieren episode 28 had me in tears. The way she finally understood what Himmel meant hit different.",reaction,
"Just finished Steins;Gate and my brain is absolutely fried. I need someone to explain the timeline to me because I am lost.",reaction,
"THEY ANIMATED THAT SCENE PERFECTLY. Exactly how I imagined it from the manga. I'm literally shaking.",reaction,
"Watching Clannad After Story and I had to pause because I couldn't see the screen through my tears anymore. Episode 18 destroyed me.",reaction,
"I'm so hyped for this season. The lineup is absolutely stacked and I don't have enough time to watch everything.",reaction,
"Just got to the chimera ant arc in HxH and WHAT IS HAPPENING. This went from shonen to existential horror real quick.",reaction,
"That plot twist in Oshi no Ko episode 1 left me completely stunned. Did NOT see that coming at all.",reaction,
"Finally finished Legend of the Galactic Heroes and I feel like I just completed a journey. 110 episodes well spent.",reaction,
"WHO IS CUTTING ONIONS IN HERE. That backstory episode absolutely wrecked me and I was not prepared.",reaction,
"I'm only three episodes into Vinland Saga and I'm already obsessed. Why did nobody tell me about this show sooner.",reaction,
"THAT POST-CREDITS SCENE THOUGH. Everyone who left early missed the biggest reveal of the entire series.",reaction,
"Watching Violet Evergarden episode 10 was a mistake at 2am. I woke up my roommate with how hard I was sobbing.",reaction,
"Can't stop thinking about that last episode. It's been three days and I'm still processing what happened.",reaction,
"THE SOUNDTRACK IN THIS EPISODE WAS PHENOMENAL. Sawano really said let me make everyone cry with this OST.",reaction,
"I literally screamed at my screen during that reveal. My neighbors probably think I'm insane.",reaction,
"Just discovered Ranking of Kings and binged 10 episodes. Bojji is the most precious character in all of anime and I will protect him.",reaction,
"This anime has no right being this emotional. I started it as background noise and now I'm fully invested and crying.",reaction,
"ANOTHER WEEK ANOTHER BANGER EPISODE. This show has not missed a single week all season.",reaction,
"That confession scene was everything I wanted and more. I actually stood up and clapped in my room alone like an idiot.",reaction,
"I'm not okay after that finale. Someone hold me. How do I fill the void this show left in my life.",reaction,
"Just caught up with the manga after the anime ended and OH MY GOD the next arc is going to break the internet when it gets animated.",reaction,
"Started Gintama thinking it was just a comedy and episode 61 just made me feel things I wasn't prepared for.",reaction,
"THE ANIMATION IN THIS WEEK'S EPISODE. I had to rewind that fight scene five times just to absorb all the details.",reaction,
"Mushoku Tensei's latest episode had the best magic battle I've ever seen in anime. My jaw hit the floor.",reaction,
"Why did nobody warn me about Angel Beats? I went in blind and now I'm emotionally compromised for the rest of the day.",reaction,
"That was the most satisfying villain defeat I've ever seen in anime. I literally pumped my fist.",reaction,
"I CANNOT BELIEVE THE SEASON IS OVER ALREADY. It felt like it just started and now I have to wait another year.",reaction,
"Rewatching this show for the third time and it still hits just as hard. Maybe even harder now that I know what's coming.",reaction,
"THEY FINALLY KISSED. After 24 episodes of build-up they actually did it. I'm screaming into a pillow right now.",reaction,
"This might be the most beautiful anime I've ever seen. Every single frame could be a wallpaper. I'm in awe.",reaction,
"Just watched the movie in theaters and the big screen experience was incredible. Everyone in the audience gasped at that scene.",reaction,
"Currently pausing every five minutes to process my emotions. This show is not letting up and I need breaks.",reaction,
"That ending song hits completely different after you finish the show. I went back and listened to the full version and lost it.",reaction,
"I've never felt so personally attacked by an anime character's backstory before. That hit way too close to home.",reaction,
"Absolutely devastated that this show only got 12 episodes. It deserved so much more. Please give us a season 2.",reaction,
"The trailer for the new season looks INCREDIBLE. The animation quality has jumped so much from season 1. I'm so excited I could cry.",reaction,
"Just finished a 48-hour binge of this entire franchise and I regret nothing. Sleep is for people who haven't discovered this masterpiece.",reaction,
"I went into this completely blind based on a friend's recommendation and it immediately became my favorite anime of all time.",reaction,
"Watching the final arc animated after reading the manga for years is surreal. Seeing these panels move with this music is everything.",reaction,
"That character's death scene was so well done that I had to sit in silence for ten minutes before I could continue watching.",reaction,
"Three episodes in and I'm already ordering the manga. I can't wait week to week for this story I need it all now.",reaction,
"YOOOOO DID THAT JUST HAPPEN?? I need to call someone right now and talk about what I just witnessed.",reaction,
"Me before watching this: it's probably overhyped. Me after watching this: I owe everyone who recommended it an apology. It's that good.",reaction,
"This show's ability to make me laugh and cry in the same episode is genuinely unfair. I don't know what emotion I'm feeling anymore.",reaction,
"Just finished the whole series and I'm sitting here staring at the ceiling. I don't think I'll be the same person after this.",reaction,
"OK I finally understand why everyone wouldn't shut up about this show. I get it now. I completely get it.",reaction,
"The fact that this anime exists makes me so happy. It's like it was made specifically for people like me. I feel seen.",reaction,
"Going to need at least a week to emotionally recover from that season finale before I can watch anything else. That was brutal.",reaction,
"I'm trying to explain this show to my non-anime-watching friends and I just sound insane. You have to watch it to understand.",reaction,
"That unexpected cameo in the latest episode made me lose my mind. The theater erupted when they showed up on screen.",reaction,
"I gasped so loud at that betrayal scene that my cat knocked over a lamp running out of the room. Neither of us saw it coming.",reaction,
"My watch list keeps growing and at this point I've accepted I'll never catch up. Just added five more shows this week alone.",reaction,
"Spirited Away holds up perfectly after all these years. Just rewatched it for the hundredth time and I still notice new details in the background art.",reaction,edge case — has analytical observation but framing is personal experience and emotional
"Death Note's second half isn't as bad as people say. Near is a different kind of antagonist and that's fine.",hot_take,edge case — mild opinion rather than bold but still primarily opinion without evidence
"The way Jujutsu Kaisen handles Gojo's character is interesting because he functions as both mentor and plot device. His removal forces the cast to develop independently which mirrors how real growth requires the absence of safety nets.",analysis,edge case — starts casual but develops structured reasoning
"Fullmetal Alchemist 2003 is actually better than Brotherhood and I'll die on this hill.",hot_take,
"One Punch Man season 2 was fine. It wasn't as good as season 1 but people exaggerate how bad it was.",hot_take,
"Anyone who says anime is just for kids has never watched Grave of the Fireflies. End of discussion.",hot_take,
"Jojo Part 5 has the weakest protagonist in the franchise. Giorno has zero personality compared to Josuke or Jotaro.",hot_take,
"The isekai genre peaked with Konosuba and everything since is a pale imitation trying to copy what made it special.",hot_take,
"Anime original endings are always better than manga-faithful ones because directors understand pacing better than mangaka.",hot_take,
"No anime villain will ever top Meruem. Every other antagonist in the medium is a step down.",hot_take,
"Romance anime that end without a confession are a waste of everyone's time and I refuse to watch them anymore.",hot_take,
"Blue Lock is the hypest sports anime in years and it's not even close. Every episode is pure adrenaline.",hot_take,
"Watching this show weekly is torture. I'm going to wait until the whole season is out and binge it in one sitting.",reaction,
"I just ugly laughed at that scene for five minutes straight. My stomach hurts. This show is comedy gold.",reaction,
"Stayed up until 4am to finish this series and I have work in three hours but WORTH IT. No regrets.",reaction,
"That villain monologue gave me actual chills. The voice acting in this dub is next level.",reaction,
"I've been staring at the ceiling for twenty minutes processing that finale. I don't know what to do with myself now.",reaction,
"NEW KEY VISUAL JUST DROPPED AND IT LOOKS AMAZING. The character designs are so clean. Cannot wait for October.",reaction,
"Just introduced my girlfriend to anime with this show and she binged the entire thing in two days. Another one converted.",reaction,
"Literally threw my phone across the room when that character showed up. HOW IS THIS REAL. I'm losing my mind.",reaction,
"Cyberpunk Edgerunners uses its runtime constraint as a strength. The 10-episode format creates urgency that mirrors David's accelerating self-destruction. Every episode raises the stakes because there's no room for filler arcs or training montages — the compression IS the tragedy.",analysis,
"Akira's influence on Western cinema is more structural than visual. While people focus on the neon aesthetic that inspired The Matrix and Blade Runner 2049, the more significant legacy is its nonlinear storytelling and ambiguous endings, which gave Hollywood permission to leave sci-fi narratives unresolved.",analysis,
